{
  "preregistration_anchor": "paper/v2/audit/preregistration_luhmann_l3_l4.md",
  "embedding_model": "paraphrase-multilingual-MiniLM-L12-v2",
  "n_country_years": 65,
  "n_clusters": 4,
  "cluster_warning": "G<6 (Pre-Reg-Vorbehalt, Cameron & Miller 2015): asymptotische Eigenschaften der Sandwich-Schaetzer eingeschraenkt; Pilot-Lesart, kein Anspruch auf Schwelle A.",
  "primary": {
    "x": "a_hat_diskurs (Innerhalb-Year-Sigmoid Inflektion)",
    "y": "drift_rate (Polyarchy-Aenderung pro Jahr)",
    "cluster_bootstrap": {
      "rho_obs": -0.2364538525784186,
      "p_classical": 0.0579138180437585,
      "n": 65,
      "G_clusters": 4,
      "boot_n": 10000,
      "boot_mean": -0.2660591145325809,
      "boot_median": -0.2534649860145071,
      "ci95_pct": [
        -0.37090413958527524,
        -0.17790142823347146
      ],
      "ci95_bca": [
        -0.3370292444706195,
        -0.14877900714319936
      ],
      "per_cluster": {
        "HU": {
          "rho": -0.395138603392042,
          "p": 0.25841872523187814,
          "n": 10
        },
        "PL": {
          "rho": -0.523809523809524,
          "p": 0.1827207505397148,
          "n": 8
        },
        "RS": {
          "rho": -0.21066388967993552,
          "p": 0.32310800640755805,
          "n": 24
        },
        "SI": {
          "rho": -0.40029652815813177,
          "p": 0.05839582979383825,
          "n": 23
        }
      }
    },
    "country_permutation": {
      "rho_obs": -0.2364538525784186,
      "p_perm": 0.207,
      "n_perm": 10000,
      "perm_mean": 0.005175357474703817,
      "perm_std": 0.1590198517195376
    }
  },
  "secondary": {
    "sv_mean_median": {
      "rho_obs": -0.10047868000582275,
      "p_classical": 0.4258082200967204,
      "n": 65,
      "G_clusters": 4,
      "boot_n": 10000,
      "boot_mean": -0.044428053447463686,
      "boot_median": -0.06082883025068609,
      "ci95_pct": [
        -0.2749471814073684,
        0.31587611970037965
      ],
      "ci95_bca": [
        -0.37565540588648944,
        0.11591789303356881
      ],
      "per_cluster": {
        "HU": {
          "rho": 0.6686960980480711,
          "p": 0.034509541651785366,
          "n": 10
        },
        "PL": {
          "rho": 0.09523809523809526,
          "p": 0.8225054302036114,
          "n": 8
        },
        "RS": {
          "rho": -0.12361269559731752,
          "p": 0.564978484549346,
          "n": 24
        },
        "SI": {
          "rho": 0.11959476520279985,
          "p": 0.5867660807467849,
          "n": 23
        }
      }
    },
    "fid_mean_median": {
      "rho_obs": -0.15260868910173034,
      "p_classical": 0.22489243291380334,
      "n": 65,
      "G_clusters": 4,
      "boot_n": 10000,
      "boot_mean": -0.09318409878656557,
      "boot_median": -0.15260868910173034,
      "ci95_pct": [
        -0.30553234590228545,
        0.2159849780482151
      ],
      "ci95_bca": [
        -0.31059355813656225,
        0.1747954664210579
      ],
      "per_cluster": {
        "HU": {
          "rho": 0.41945482513924454,
          "p": 0.22755151022421546,
          "n": 10
        },
        "PL": {
          "rho": 0.09523809523809526,
          "p": 0.8225054302036114,
          "n": 8
        },
        "RS": {
          "rho": -0.04178457315965663,
          "p": 0.8462868786597217,
          "n": 24
        },
        "SI": {
          "rho": -0.1111934800439255,
          "p": 0.613490045827205,
          "n": 23
        }
      }
    },
    "nc2_median": {
      "rho_obs": -0.3401018622777032,
      "p_classical": 0.005572379644514892,
      "n": 65,
      "G_clusters": 4,
      "boot_n": 10000,
      "boot_mean": -0.3293146733264026,
      "boot_median": -0.3483480663573575,
      "ci95_pct": [
        -0.4775156378597227,
        -0.0904099748098163
      ],
      "ci95_bca": [
        -0.4775156378597227,
        -0.0904099748098163
      ],
      "per_cluster": {
        "HU": {
          "rho": -0.03647433262080388,
          "p": 0.9203184602756677,
          "n": 10
        },
        "PL": {
          "rho": -0.4285714285714286,
          "p": 0.2894032248467901,
          "n": 8
        },
        "RS": {
          "rho": -0.4300328987681328,
          "p": 0.03595518498469531,
          "n": 24
        },
        "SI": {
          "rho": -0.4284655431025929,
          "p": 0.041366087534057655,
          "n": 23
        }
      }
    },
    "E_a_median": {
      "rho_obs": 0.26521825172735547,
      "p_classical": 0.032747375954025576,
      "n": 65,
      "G_clusters": 4,
      "boot_n": 10000,
      "boot_mean": 0.20908776879836574,
      "boot_median": 0.2201945977141702,
      "ci95_pct": [
        -0.15193452925956832,
        0.47049975586156095
      ],
      "ci95_bca": [
        -0.15193452925956832,
        0.47049975586156095
      ],
      "per_cluster": {
        "HU": {
          "rho": 0.11550205329921229,
          "p": 0.750683041040583,
          "n": 10
        },
        "PL": {
          "rho": -0.3333333333333334,
          "p": 0.4197530864197532,
          "n": 8
        },
        "RS": {
          "rho": -0.010881399260327246,
          "p": 0.9597532060116236,
          "n": 24
        },
        "SI": {
          "rho": 0.23869533716096006,
          "p": 0.27270466579421676,
          "n": 23
        }
      }
    },
    "cv_sv_median": {
      "rho_obs": -0.18017092871176787,
      "p_classical": 0.15095050245746877,
      "n": 65,
      "G_clusters": 4,
      "boot_n": 10000,
      "boot_mean": -0.14776055916694705,
      "boot_median": -0.15900597468670388,
      "ci95_pct": [
        -0.4181848629362791,
        0.14229395462330807
      ],
      "ci95_bca": [
        -0.505858666787721,
        -0.016256936925036207
      ],
      "per_cluster": {
        "HU": {
          "rho": -0.43769199144964654,
          "p": 0.2058499967431106,
          "n": 10
        },
        "PL": {
          "rho": -0.11904761904761905,
          "p": 0.7788857260523796,
          "n": 8
        },
        "RS": {
          "rho": 0.17366713219482283,
          "p": 0.4170395788293493,
          "n": 24
        },
        "SI": {
          "rho": -0.1828515005166775,
          "p": 0.4036633670909859,
          "n": 23
        }
      }
    },
    "k_hat_diskurs": {
      "rho_obs": 0.15835719744228535,
      "p_classical": 0.20770130576496126,
      "n": 65,
      "G_clusters": 4,
      "boot_n": 10000,
      "boot_mean": 0.12656892303935685,
      "boot_median": 0.15835719744228535,
      "ci95_pct": [
        -0.3101727456358405,
        0.311243760709171
      ],
      "ci95_bca": [
        -0.31801759529697826,
        0.311243760709171
      ],
      "per_cluster": {
        "HU": {
          "rho": -0.2613993837824278,
          "p": 0.4656847063864629,
          "n": 10
        },
        "PL": {
          "rho": -0.261904761904762,
          "p": 0.530922861565801,
          "n": 8
        },
        "RS": {
          "rho": 0.3690970629103002,
          "p": 0.07590571925476067,
          "n": 24
        },
        "SI": {
          "rho": 0.18729923971843448,
          "p": 0.39212297791145195,
          "n": 23
        }
      }
    }
  },
  "pfad_zuordnung": "Zwischenzone (nicht eindeutig \u2014 vgl. Pre-Reg)"
}