{
  "timestamp": "2026-03-18T17:52:28.234772",
  "source": "NIST Numisheet 2020 DIC Uniaxial Tension",
  "n_total": 19,
  "n_valid": 19,
  "materials": [
    "DP1180"
  ],
  "summary_per_material": {
    "DP1180": {
      "n_total": 19,
      "n_valid": 19,
      "a_hat_mean": 0.9747416202688617,
      "a_hat_sd": 0.06473582266668493,
      "a_hat_range": [
        0.7000907851090455,
        0.9899999999999999
      ]
    }
  },
  "per_specimen": [
    {
      "label": "U00FeDP1180R01T1.022W12.66",
      "material": "DP1180",
      "angle": 0,
      "replicate": 1,
      "thickness": 1.022,
      "n_timesteps": 202,
      "n_points_per_step": 520,
      "max_exx": -0.012124312207751925,
      "max_eyy": 1.3136144230769229,
      "a_hat_direct": 0.010000000000000002,
      "R2_direct": -1.4643223663834122,
      "a_hat_dexx": 0.9899999999999585,
      "R2_dexx": 0.6972379988036117,
      "a_hat_sv": 0.9899999999999999,
      "k_sv": 99.99999999420545,
      "R2_sv": 0.5818931181728099,
      "a_hat_best": 0.9899999999999585,
      "R2_best": 0.6972379988036117,
      "method_best": "dexx",
      "valid": "True"
    },
    {
      "label": "U00FeDP1180R02T1.031W12.69",
      "material": "DP1180",
      "angle": 0,
      "replicate": 2,
      "thickness": 1.031,
      "n_timesteps": 202,
      "n_points_per_step": 569,
      "max_exx": -0.012605291597539543,
      "max_eyy": 1.3229485061511421,
      "a_hat_direct": 0.010000000000000002,
      "R2_direct": -1.4644533990467106,
      "a_hat_dexx": 0.9899999999999678,
      "R2_dexx": 0.6957475443784649,
      "a_hat_sv": 0.9899999999999999,
      "k_sv": 99.9999999979947,
      "R2_sv": 0.5726550211874,
      "a_hat_best": 0.9899999999999678,
      "R2_best": 0.6957475443784649,
      "method_best": "dexx",
      "valid": "True"
    },
    {
      "label": "U00FeDP1180R03T1.059W12.69",
      "material": "DP1180",
      "angle": 0,
      "replicate": 3,
      "thickness": 1.059,
      "n_timesteps": 202,
      "n_points_per_step": 514,
      "max_exx": -0.012689581532412453,
      "max_eyy": 1.3421686770428014,
      "a_hat_direct": 0.010000000000000002,
      "R2_direct": -1.4557329759177446,
      "a_hat_dexx": 0.9899999999999592,
      "R2_dexx": 0.696033075101397,
      "a_hat_sv": 0.9899999999999999,
      "k_sv": 99.99999999474772,
      "R2_sv": 0.555608455226025,
      "a_hat_best": 0.9899999999999592,
      "R2_best": 0.696033075101397,
      "method_best": "dexx",
      "valid": "True"
    },
    {
      "label": "U15FeDP1180R01T1.073W12.66",
      "material": "DP1180",
      "angle": 15,
      "replicate": 1,
      "thickness": 1.073,
      "n_timesteps": 202,
      "n_points_per_step": 599,
      "max_exx": -0.014690733281931555,
      "max_eyy": 1.3694527545909851,
      "a_hat_direct": 0.010000000000000002,
      "R2_direct": -1.4635604957166954,
      "a_hat_dexx": 0.9899999999999611,
      "R2_dexx": 0.6957870644985117,
      "a_hat_sv": 0.9899999999999998,
      "k_sv": 99.99999998053333,
      "R2_sv": 0.5630616352785736,
      "a_hat_best": 0.9899999999999611,
      "R2_best": 0.6957870644985117,
      "method_best": "dexx",
      "valid": "True"
    },
    {
      "label": "U15FeDP1180R02T1.071W12.66",
      "material": "DP1180",
      "angle": 15,
      "replicate": 2,
      "thickness": 1.071,
      "n_timesteps": 202,
      "n_points_per_step": 548,
      "max_exx": -0.013412649056733577,
      "max_eyy": 1.3628058394160585,
      "a_hat_direct": 0.010000000000000002,
      "R2_direct": -1.4537525044308057,
      "a_hat_dexx": 0.989999999999953,
      "R2_dexx": 0.696373882074619,
      "a_hat_sv": 0.9899999999999999,
      "k_sv": 99.99999998740869,
      "R2_sv": 0.5600486634871429,
      "a_hat_best": 0.989999999999953,
      "R2_best": 0.696373882074619,
      "method_best": "dexx",
      "valid": "True"
    },
    {
      "label": "U15FeDP1180R03T1.07W12.66",
      "material": "DP1180",
      "angle": 15,
      "replicate": 3,
      "thickness": 1.07,
      "n_timesteps": 202,
      "n_points_per_step": 561,
      "max_exx": -0.013955436319803923,
      "max_eyy": 1.3604099821746882,
      "a_hat_direct": 0.010000000000000002,
      "R2_direct": -1.465669588831696,
      "a_hat_dexx": 0.989999999999969,
      "R2_dexx": 0.6962158329373958,
      "a_hat_sv": 0.9899999999999999,
      "k_sv": 99.99999999915734,
      "R2_sv": 0.5843629122787729,
      "a_hat_best": 0.989999999999969,
      "R2_best": 0.6962158329373958,
      "method_best": "dexx",
      "valid": "True"
    },
    {
      "label": "U30FeDP1180R01T1.066W12.69",
      "material": "DP1180",
      "angle": 30,
      "replicate": 1,
      "thickness": 1.066,
      "n_timesteps": 202,
      "n_points_per_step": 560,
      "max_exx": -0.017797893637142854,
      "max_eyy": 1.366314107142857,
      "a_hat_direct": 0.010000000000000002,
      "R2_direct": -1.464981796365092,
      "a_hat_dexx": 0.9899999999999624,
      "R2_dexx": 0.6969967311279426,
      "a_hat_sv": 0.9899999999999999,
      "k_sv": 99.99999999889701,
      "R2_sv": 0.5858936330691331,
      "a_hat_best": 0.9899999999999624,
      "R2_best": 0.6969967311279426,
      "method_best": "dexx",
      "valid": "True"
    },
    {
      "label": "U30FeDP1180R02T1.066W12.69",
      "material": "DP1180",
      "angle": 30,
      "replicate": 2,
      "thickness": 1.066,
      "n_timesteps": 202,
      "n_points_per_step": 545,
      "max_exx": -0.013505407368899082,
      "max_eyy": 1.362416880733945,
      "a_hat_direct": 0.010000000000000002,
      "R2_direct": -1.456073417659589,
      "a_hat_dexx": 0.9899999999999631,
      "R2_dexx": 0.6973030466904843,
      "a_hat_sv": 0.9899999999999999,
      "k_sv": 99.99999999333967,
      "R2_sv": 0.6018135995321936,
      "a_hat_best": 0.9899999999999631,
      "R2_best": 0.6973030466904843,
      "method_best": "dexx",
      "valid": "True"
    },
    {
      "label": "U30FeDP1180R03T1.063W12.69",
      "material": "DP1180",
      "angle": 30,
      "replicate": 3,
      "thickness": 1.063,
      "n_timesteps": 202,
      "n_points_per_step": 528,
      "max_exx": -0.01105505855189394,
      "max_eyy": 1.3377755681818182,
      "a_hat_direct": 0.010000000000000002,
      "R2_direct": -1.449894712698725,
      "a_hat_dexx": 0.9899999999999719,
      "R2_dexx": 0.6945208193484589,
      "a_hat_sv": 0.9899999999999999,
      "k_sv": 99.99999999660739,
      "R2_sv": 0.5583987113889858,
      "a_hat_best": 0.9899999999999719,
      "R2_best": 0.6945208193484589,
      "method_best": "dexx",
      "valid": "True"
    },
    {
      "label": "U45FeDP1180R01T1.029W12.77",
      "material": "DP1180",
      "angle": 45,
      "replicate": 1,
      "thickness": 1.029,
      "n_timesteps": 202,
      "n_points_per_step": 573,
      "max_exx": -0.011245038688132635,
      "max_eyy": 1.3324150087260034,
      "a_hat_direct": 0.010000000000000002,
      "R2_direct": -1.4587109044158795,
      "a_hat_dexx": 0.9899999999999733,
      "R2_dexx": 0.6941540113579328,
      "a_hat_sv": 0.9899999999999999,
      "k_sv": 99.99999998733405,
      "R2_sv": 0.5512035063486938,
      "a_hat_best": 0.9899999999999733,
      "R2_best": 0.6941540113579328,
      "method_best": "dexx",
      "valid": "True"
    },
    {
      "label": "U45FeDP1180R03T1.036W12.76",
      "material": "DP1180",
      "angle": 45,
      "replicate": 3,
      "thickness": 1.036,
      "n_timesteps": 202,
      "n_points_per_step": 508,
      "max_exx": -0.009479651798641733,
      "max_eyy": 1.321767716535433,
      "a_hat_direct": 0.010000000000000002,
      "R2_direct": -1.4534926489465314,
      "a_hat_dexx": 0.989999999999957,
      "R2_dexx": 0.6958210021010847,
      "a_hat_sv": 0.9899999999999975,
      "k_sv": 99.99999978510188,
      "R2_sv": 0.5322919893106888,
      "a_hat_best": 0.989999999999957,
      "R2_best": 0.6958210021010847,
      "method_best": "dexx",
      "valid": "True"
    },
    {
      "label": "U60FeDP1180R01T1.066W12.68",