substrate	model	n_valid	mean_aic	median_aic	mean_bic	mean_r2	median_r2	win_rate_aic	win_rate_bic	rho_inflection_outcome	p_inflection_outcome	n_corr
battery	logistic	20	-368.99676458968844	-366.8002185922023	-363.25574453368347	0.9641974418465622	0.9701540877445932	1.0	1.0	0.8484393228811805	2.2807053958900866e-06	20
battery	gompertz	20	-279.9798099771218	-280.66179466223736	-274.23878992111685	0.9341926744805977	0.9398310212447619	0.0	0.0	0.8243701222320691	7.830851528186875e-06	20
battery	weibull	20	-339.43890847715454	-340.79150303976655	-333.69788842114957	0.9578741447434677	0.9620467735831886	0.0	0.0	0.8364047225566248	4.331089205314741e-06	20
battery	hill	20	-285.9692532657879	-287.03385633026016	-280.22823320978296	0.9384009231768913	0.9418707845269552	0.0	0.0	0.8364047225566248	4.331089205314741e-06	20
