model	n_valid	median_aic	median_bic	median_r2	win_rate_aic	rho_infl_outcome	p_infl_outcome	n_corr
logistic	45	-2152.97250835219	-2144.5432921553456	0.990273613046155	0.8	0.6869565217391302	1.87828310937598e-07	45
gompertz	45	-1759.3163503618073	-1750.8871341649628	0.9754751465727262	0.08888888888888889	0.6785243741765481	3.0203701900008095e-07	45
weibull	45	-1656.3122745587816	-1647.8830583619372	0.9737369511575653	0.044444444444444446	0.20820512820512818	0.3074107773134941	26
hill	45	-1378.1710212045127	-1369.7418050076683	0.9487742307113163	0.06666666666666667	0.19931623931623932	0.32897767502267133	26
