{
  "n_patients": 579,
  "n_msi": 76,
  "n_mss": 503,
  "group_results": {
    "MSI": {
      "a_hat": 0.5883558640603753,
      "k": 4.742930161419791,
      "L": 0.9899999999997061,
      "R2": 0.9864433771562926,
      "n": 76
    },
    "MSI_mut": {
      "a_hat": 0.5458666051496933,
      "k": 5.963219225863379,
      "L": 0.9899999999999999,
      "R2": 0.98793415285568,
      "n": 76
    },
    "MSS": {
      "a_hat": 0.5349580882566203,
      "k": 4.799599025659206,
      "L": 0.9899999999999769,
      "R2": 0.9864614200177292,
      "n": 503
    },
    "MSS_mut": {
      "a_hat": 0.45623655199685226,
      "k": 8.328698422440658,
      "L": 0.9855580814061143,
      "R2": 0.9604325708848152,
      "n": 503
    }
  },
  "bootstrap": {
    "msi_mean_a": 0.5667114251043069,
    "msi_std_a": 0.10064110950790427,
    "mss_mean_a": 0.5339961957824042,
    "mss_std_a": 0.0381752502427218,
    "delta_a": 0.03271522932190274,
    "mann_whitney_p": 2.9776487209449105e-11,
    "ks_d": 0.35,
    "ks_p": 1.4363212332187476e-27
  },
  "null_model": {
    "ks_stat": 0.39,
    "ks_p": 3.126604754766633e-68
  }
}