{
  "group_results": {
    "MSS": {
      "a_hat": 0.5387019495092564,
      "k": 4.621186384491647,
      "L": 0.9899999999999992,
      "R2": 0.9813958604549624,
      "n": 579,
      "metric": "FGA"
    },
    "MSS_mut": {
      "a_hat": 0.4800074245760506,
      "k": 8.706642834180924,
      "L": 0.9827318217432445,
      "R2": 0.9624449668911775,
      "n": 579,
      "metric": "MutCount"
    }
  },
  "bootstrap": {
    "n": 200,
    "mean_a_hat": 0.5375664281651324,
    "std_a_hat": 0.04189317012470856,
    "rho_msi": NaN,
    "p_msi": NaN
  }
}