{
  "label": "music21_full_cross_composer",
  "n_total": 1979,
  "n_valid": 1974,
  "per_composer": {
    "bach": {
      "n": 413,
      "median_ahat": 0.4085939676855301,
      "P25": 0.38062576148870053,
      "P75": 0.4315202804576186,
      "std": 0.03999395348056084
    },
    "beethoven": {
      "n": 26,
      "median_ahat": 0.33646109922750445,
      "P25": 0.29301981986422965,
      "P75": 0.3611861266513958,
      "std": 0.056767896304215096
    },
    "chopin": {
      "n": 1,
      "median_ahat": 0.2811547830179743,
      "P25": 0.2811547830179743,
      "P75": 0.2811547830179743,
      "std": 0.0
    },
    "ciconia": {
      "n": 1,
      "median_ahat": 0.31286059143668715,
      "P25": 0.31286059143668715,
      "P75": 0.31286059143668715,
      "std": 0.0
    },
    "corelli": {
      "n": 1,
      "median_ahat": 0.4361401306095028,
      "P25": 0.4361401306095028,
      "P75": 0.4361401306095028,
      "std": 0.0
    },
    "cpebach": {
      "n": 1,
      "median_ahat": 0.4088084976140251,
      "P25": 0.4088084976140251,
      "P75": 0.4088084976140251,
      "std": 0.0
    },
    "demos": {
      "n": 8,
      "median_ahat": 0.4490753743267164,
      "P25": 0.4227951546399865,
      "P75": 0.5007315632030829,
      "std": 0.07220052176000873
    },
    "handel": {
      "n": 1,
      "median_ahat": 0.31461566305062155,
      "P25": 0.31461566305062155,
      "P75": 0.31461566305062155,
      "std": 0.0
    },
    "haydn": {
      "n": 9,
      "median_ahat": 0.3772540080370233,
      "P25": 0.3409751614996306,
      "P75": 0.40145935465903876,
      "std": 0.04692927077546143
    },
    "johnson_j_r": {
      "n": 1,
      "median_ahat": 0.30696761121733707,
      "P25": 0.30696761121733707,
      "P75": 0.30696761121733707,
      "std": 0.0
    },
    "joplin": {
      "n": 1,
      "median_ahat": 0.40508978210484037,
      "P25": 0.40508978210484037,
      "P75": 0.40508978210484037,
      "std": 0.0
    },
    "leadSheet": {
      "n": 2,
      "median_ahat": 0.3323036084636952,
      "P25": 0.3225754119862976,
      "P75": 0.3420318049410928,
      "std": 0.01945639295479526
    },
    "liliuokalani": {
      "n": 1,
      "median_ahat": 0.32667604500084085,
      "P25": 0.32667604500084085,
      "P75": 0.32667604500084085,
      "std": 0.0
    },
    "luca": {
      "n": 1,
      "median_ahat": 0.21232749872080672,
      "P25": 0.21232749872080672,
      "P75": 0.21232749872080672,
      "std": 0.0
    },
    "lusitano": {
      "n": 1,
      "median_ahat": 0.264769998582486,
      "P25": 0.264769998582486,
      "P75": 0.264769998582486,
      "std": 0.0
    },
    "monteverdi": {
      "n": 49,
      "median_ahat": 0.36547121264765986,
      "P25": 0.329054446819768,
      "P75": 0.40472670529305516,
      "std": 0.04974806465498134
    },
    "mozart": {
      "n": 16,
      "median_ahat": 0.3728284579773104,
      "P25": 0.3449144868309336,
      "P75": 0.39863580840915885,
      "std": 0.04103993252981821
    },
    "palestrina": {
      "n": 1318,
      "median_ahat": 0.3209432582069156,
      "P25": 0.2833224696601287,
      "P75": 0.3602506781687765,
      "std": 0.05806930710634227
    },
    "schoenberg": {
      "n": 2,
      "median_ahat": 0.5496209275941919,
      "P25": 0.5194242402559359,
      "P75": 0.5798176149324478,
      "std": 0.0603933746765119
    },
    "schubert": {
      "n": 1,
      "median_ahat": 0.2756225639859627,
      "P25": 0.2756225639859627,
      "P75": 0.2756225639859627,
      "std": 0.0
    },
    "schumann_clara": {
      "n": 5,
      "median_ahat": 0.4286347215023387,
      "P25": 0.40600705506532886,
      "P75": 0.4487090499902958,
      "std": 0.02944095516828613
    },
    "schumann_robert": {
      "n": 7,
      "median_ahat": 0.34732945885697675,
      "P25": 0.2993025492854453,
      "P75": 0.3828856903665133,
      "std": 0.047987060368497404
    },
    "theoryExercises": {
      "n": 2,
      "median_ahat": 0.44443056995564256,
      "P25": 0.43885908731735324,
      "P75": 0.4500020525939319,
      "std": 0.011142965276578709
    },
    "trecento": {
      "n": 103,
      "median_ahat": 0.2345069209247982,
      "P25": 0.19719191146052678,
      "P75": 0.2780995723079013,
      "std": 0.055722752384189916
    },
    "verdi": {
      "n": 1,
      "median_ahat": 0.47190087432776834,
      "P25": 0.47190087432776834,
      "P75": 0.47190087432776834,
      "std": 0.0
    },
    "weber": {
      "n": 1,
      "median_ahat": 0.29450549156842004,
      "P25": 0.29450549156842004,
      "P75": 0.29450549156842004,
      "std": 0.0
    },
    "webern": {
      "n": 1,
      "median_ahat": 0.47899675035574535,
      "P25": 0.47899675035574535,
      "P75": 0.47899675035574535,
      "std": 0.0
    }
  }
}