{
  "label": "lakh_shuffled_control",
  "n_total": 871,
  "n_valid": 867,
  "median_R2": 0.9745351971083693,
  "per_genre": {
    "Jazz": {
      "n": 184,
      "median_ahat": 0.3416585366352902,
      "P25": 0.2961664332678936,
      "P75": 0.37159432491001604,
      "std": 0.0533981859847092
    },
    "Pop": {
      "n": 200,
      "median_ahat": 0.2734030843940918,
      "P25": 0.23734917100871097,
      "P75": 0.30604096322103436,
      "std": 0.05941884610319762
    },
    "Rock": {
      "n": 200,
      "median_ahat": 0.2646822435858214,
      "P25": 0.2256841394735158,
      "P75": 0.2979946179515607,
      "std": 0.05755635314698668
    },
    "Electronic": {
      "n": 199,
      "median_ahat": 0.2719697968139217,
      "P25": 0.21329484505406693,
      "P75": 0.32619743304046944,
      "std": 0.08856447785378378
    },
    "Rap": {
      "n": 84,
      "median_ahat": 0.28218609756936397,
      "P25": 0.23297288958057408,
      "P75": 0.33059934814590897,
      "std": 0.0912218430859758
    }
  }
}